parameter_name,sweep_point,parameter_value,metric_name,baseline_metric,perturbed_metric,metric_pct_change,parameter_pct_change,elasticity,relationship_type
pop_activity_mu,1,0.31,private_chats_per_player_day,0.2172,0.2209,0.0169,-0.38,-0.0446,ASSOCIATION
pop_activity_mu,1,0.31,good_good_chat_ratio,0.5066,0.5263,0.0389,-0.38,-0.1023,ASSOCIATION
pop_activity_mu,1,0.31,evil_evil_chat_ratio,0.5094,0.5397,0.0595,-0.38,-0.1565,ASSOCIATION
pop_activity_mu,1,0.31,claim_disclosure_rate,0.4032,0.4018,-0.0034,-0.38,0.0089,ASSOCIATION
pop_activity_mu,1,0.31,nomination_friendly_fire_rate,0.7252,0.7283,0.0043,-0.38,-0.0112,ASSOCIATION
pop_activity_mu,1,0.31,execution_friendly_fire_rate,0.8292,0.8183,-0.0132,-0.38,0.0347,ASSOCIATION
pop_activity_mu,1,0.31,vote_consistency,0.4374,0.4359,-0.0035,-0.38,0.0093,ASSOCIATION
pop_activity_mu,1,0.31,vote_participation_rate,0.4888,0.4919,0.0064,-0.38,-0.0169,ASSOCIATION
pop_activity_mu,1,0.31,night_kill_value_percentile,0.5485,0.5527,0.0077,-0.38,-0.0203,ASSOCIATION
pop_activity_mu,1,0.31,monk_protection_quality,0.2052,0.1977,-0.0366,-0.38,0.0963,ASSOCIATION
pop_activity_mu,1,0.31,trust_error_rate,0.5801,0.5826,0.0043,-0.38,-0.0114,ASSOCIATION
pop_activity_mu,2,0.4013,private_chats_per_player_day,0.2172,0.2216,0.0201,-0.1974,-0.1017,ASSOCIATION
pop_activity_mu,2,0.4013,good_good_chat_ratio,0.5066,0.5236,0.0335,-0.1974,-0.1696,ASSOCIATION
pop_activity_mu,2,0.4013,evil_evil_chat_ratio,0.5094,0.5334,0.0471,-0.1974,-0.2384,ASSOCIATION
pop_activity_mu,2,0.4013,claim_disclosure_rate,0.4032,0.4178,0.0363,-0.1974,-0.1839,ASSOCIATION
pop_activity_mu,2,0.4013,nomination_friendly_fire_rate,0.7252,0.7255,0.0005,-0.1974,-0.0024,ASSOCIATION
pop_activity_mu,2,0.4013,execution_friendly_fire_rate,0.8292,0.8152,-0.0169,-0.1974,0.0857,ASSOCIATION
pop_activity_mu,2,0.4013,vote_consistency,0.4374,0.4372,-0.0004,-0.1974,0.002,ASSOCIATION
pop_activity_mu,2,0.4013,vote_participation_rate,0.4888,0.4981,0.0191,-0.1974,-0.0968,ASSOCIATION
pop_activity_mu,2,0.4013,night_kill_value_percentile,0.5485,0.5541,0.0102,-0.1974,-0.0515,ASSOCIATION
pop_activity_mu,2,0.4013,monk_protection_quality,0.2052,0.1861,-0.0931,-0.1974,0.4718,ASSOCIATION
pop_activity_mu,2,0.4013,trust_error_rate,0.5801,0.5804,0.0006,-0.1974,-0.0029,ASSOCIATION
pop_activity_mu,3,0.5,private_chats_per_player_day,0.2172,0.223,0.0268,0.0,0.0,ASSOCIATION
pop_activity_mu,3,0.5,good_good_chat_ratio,0.5066,0.5266,0.0394,0.0,0.0,ASSOCIATION
pop_activity_mu,3,0.5,evil_evil_chat_ratio,0.5094,0.53,0.0405,0.0,0.0,ASSOCIATION
pop_activity_mu,3,0.5,claim_disclosure_rate,0.4032,0.4124,0.0229,0.0,0.0,ASSOCIATION
pop_activity_mu,3,0.5,nomination_friendly_fire_rate,0.7252,0.7288,0.005,0.0,0.0,ASSOCIATION
pop_activity_mu,3,0.5,execution_friendly_fire_rate,0.8292,0.7985,-0.037,0.0,0.0,ASSOCIATION
pop_activity_mu,3,0.5,vote_consistency,0.4374,0.4356,-0.0042,0.0,0.0,ASSOCIATION
pop_activity_mu,3,0.5,vote_participation_rate,0.4888,0.497,0.0168,0.0,0.0,ASSOCIATION
pop_activity_mu,3,0.5,night_kill_value_percentile,0.5485,0.5565,0.0146,0.0,0.0,ASSOCIATION
pop_activity_mu,3,0.5,monk_protection_quality,0.2052,0.1898,-0.0751,0.0,0.0,ASSOCIATION
pop_activity_mu,3,0.5,trust_error_rate,0.5801,0.5831,0.0051,0.0,0.0,ASSOCIATION
pop_activity_mu,4,0.5987,private_chats_per_player_day,0.2172,0.2222,0.0231,0.1974,0.1171,ASSOCIATION
pop_activity_mu,4,0.5987,good_good_chat_ratio,0.5066,0.5192,0.0248,0.1974,0.1255,ASSOCIATION
pop_activity_mu,4,0.5987,evil_evil_chat_ratio,0.5094,0.5302,0.0408,0.1974,0.2066,ASSOCIATION
pop_activity_mu,4,0.5987,claim_disclosure_rate,0.4032,0.4007,-0.0062,0.1974,-0.0313,ASSOCIATION
pop_activity_mu,4,0.5987,nomination_friendly_fire_rate,0.7252,0.7293,0.0057,0.1974,0.0289,ASSOCIATION
pop_activity_mu,4,0.5987,execution_friendly_fire_rate,0.8292,0.7987,-0.0368,0.1974,-0.1865,ASSOCIATION
pop_activity_mu,4,0.5987,vote_consistency,0.4374,0.4353,-0.0047,0.1974,-0.0239,ASSOCIATION
pop_activity_mu,4,0.5987,vote_participation_rate,0.4888,0.4927,0.008,0.1974,0.0403,ASSOCIATION
pop_activity_mu,4,0.5987,night_kill_value_percentile,0.5485,0.5455,-0.0055,0.1974,-0.0279,ASSOCIATION
pop_activity_mu,4,0.5987,monk_protection_quality,0.2052,0.1779,-0.1332,0.1974,-0.6749,ASSOCIATION
pop_activity_mu,4,0.5987,trust_error_rate,0.5801,0.5835,0.0058,0.1974,0.0293,ASSOCIATION
pop_activity_mu,5,0.69,private_chats_per_player_day,0.2172,0.2204,0.0146,0.38,0.0383,ASSOCIATION
pop_activity_mu,5,0.69,good_good_chat_ratio,0.5066,0.5204,0.0272,0.38,0.0716,ASSOCIATION
pop_activity_mu,5,0.69,evil_evil_chat_ratio,0.5094,0.5232,0.0272,0.38,0.0715,ASSOCIATION
pop_activity_mu,5,0.69,claim_disclosure_rate,0.4032,0.4066,0.0085,0.38,0.0223,ASSOCIATION
pop_activity_mu,5,0.69,nomination_friendly_fire_rate,0.7252,0.7248,-0.0006,0.38,-0.0016,ASSOCIATION
pop_activity_mu,5,0.69,execution_friendly_fire_rate,0.8292,0.8169,-0.0148,0.38,-0.039,ASSOCIATION
pop_activity_mu,5,0.69,vote_consistency,0.4374,0.4376,0.0005,0.38,0.0013,ASSOCIATION
pop_activity_mu,5,0.69,vote_participation_rate,0.4888,0.4902,0.0029,0.38,0.0075,ASSOCIATION
pop_activity_mu,5,0.69,night_kill_value_percentile,0.5485,0.5432,-0.0096,0.38,-0.0253,ASSOCIATION
pop_activity_mu,5,0.69,monk_protection_quality,0.2052,0.1798,-0.1236,0.38,-0.3253,ASSOCIATION
pop_activity_mu,5,0.69,trust_error_rate,0.5801,0.5798,-0.0005,0.38,-0.0013,ASSOCIATION
pop_social_initiative_mu,1,0.31,private_chats_per_player_day,0.2172,0.2182,0.0047,-0.38,-0.0123,ASSOCIATION
pop_social_initiative_mu,1,0.31,good_good_chat_ratio,0.5066,0.5253,0.0369,-0.38,-0.097,ASSOCIATION
pop_social_initiative_mu,1,0.31,evil_evil_chat_ratio,0.5094,0.5322,0.0448,-0.38,-0.1178,ASSOCIATION
pop_social_initiative_mu,1,0.31,claim_disclosure_rate,0.4032,0.3853,-0.0444,-0.38,0.117,ASSOCIATION
pop_social_initiative_mu,1,0.31,nomination_friendly_fire_rate,0.7252,0.726,0.0011,-0.38,-0.0028,ASSOCIATION
pop_social_initiative_mu,1,0.31,execution_friendly_fire_rate,0.8292,0.8135,-0.0189,-0.38,0.0498,ASSOCIATION
pop_social_initiative_mu,1,0.31,vote_consistency,0.4374,0.437,-0.0009,-0.38,0.0023,ASSOCIATION
pop_social_initiative_mu,1,0.31,vote_participation_rate,0.4888,0.4888,0.0001,-0.38,-0.0002,ASSOCIATION
pop_social_initiative_mu,1,0.31,night_kill_value_percentile,0.5485,0.5559,0.0135,-0.38,-0.0357,ASSOCIATION
pop_social_initiative_mu,1,0.31,monk_protection_quality,0.2052,0.1952,-0.0485,-0.38,0.1276,ASSOCIATION
pop_social_initiative_mu,1,0.31,trust_error_rate,0.5801,0.5808,0.0012,-0.38,-0.0031,ASSOCIATION
pop_social_initiative_mu,2,0.4013,private_chats_per_player_day,0.2172,0.2201,0.0134,-0.1974,-0.0678,ASSOCIATION
pop_social_initiative_mu,2,0.4013,good_good_chat_ratio,0.5066,0.5303,0.0469,-0.1974,-0.2375,ASSOCIATION
pop_social_initiative_mu,2,0.4013,evil_evil_chat_ratio,0.5094,0.5281,0.0367,-0.1974,-0.1857,ASSOCIATION
pop_social_initiative_mu,2,0.4013,claim_disclosure_rate,0.4032,0.396,-0.0178,-0.1974,0.0903,ASSOCIATION
pop_social_initiative_mu,2,0.4013,nomination_friendly_fire_rate,0.7252,0.7252,0.0,-0.1974,-0.0002,ASSOCIATION
pop_social_initiative_mu,2,0.4013,execution_friendly_fire_rate,0.8292,0.7656,-0.0767,-0.1974,0.3886,ASSOCIATION
pop_social_initiative_mu,2,0.4013,vote_consistency,0.4374,0.4374,-0.0,-0.1974,0.0002,ASSOCIATION
pop_social_initiative_mu,2,0.4013,vote_participation_rate,0.4888,0.4914,0.0053,-0.1974,-0.0267,ASSOCIATION
pop_social_initiative_mu,2,0.4013,night_kill_value_percentile,0.5485,0.5546,0.0112,-0.1974,-0.0567,ASSOCIATION
pop_social_initiative_mu,2,0.4013,monk_protection_quality,0.2052,0.1913,-0.0676,-0.1974,0.3426,ASSOCIATION
pop_social_initiative_mu,2,0.4013,trust_error_rate,0.5801,0.5802,0.0001,-0.1974,-0.0007,ASSOCIATION
pop_social_initiative_mu,3,0.5,private_chats_per_player_day,0.2172,0.223,0.0268,0.0,0.0,ASSOCIATION
pop_social_initiative_mu,3,0.5,good_good_chat_ratio,0.5066,0.5266,0.0394,0.0,0.0,ASSOCIATION
pop_social_initiative_mu,3,0.5,evil_evil_chat_ratio,0.5094,0.53,0.0405,0.0,0.0,ASSOCIATION
pop_social_initiative_mu,3,0.5,claim_disclosure_rate,0.4032,0.4124,0.0229,0.0,0.0,ASSOCIATION
pop_social_initiative_mu,3,0.5,nomination_friendly_fire_rate,0.7252,0.7288,0.005,0.0,0.0,ASSOCIATION
pop_social_initiative_mu,3,0.5,execution_friendly_fire_rate,0.8292,0.7985,-0.037,0.0,0.0,ASSOCIATION
pop_social_initiative_mu,3,0.5,vote_consistency,0.4374,0.4356,-0.0042,0.0,0.0,ASSOCIATION
pop_social_initiative_mu,3,0.5,vote_participation_rate,0.4888,0.497,0.0168,0.0,0.0,ASSOCIATION
pop_social_initiative_mu,3,0.5,night_kill_value_percentile,0.5485,0.5565,0.0146,0.0,0.0,ASSOCIATION
pop_social_initiative_mu,3,0.5,monk_protection_quality,0.2052,0.1898,-0.0751,0.0,0.0,ASSOCIATION
pop_social_initiative_mu,3,0.5,trust_error_rate,0.5801,0.5831,0.0051,0.0,0.0,ASSOCIATION
pop_social_initiative_mu,4,0.5987,private_chats_per_player_day,0.2172,0.2214,0.0194,0.1974,0.098,ASSOCIATION
pop_social_initiative_mu,4,0.5987,good_good_chat_ratio,0.5066,0.5215,0.0295,0.1974,0.1494,ASSOCIATION
pop_social_initiative_mu,4,0.5987,evil_evil_chat_ratio,0.5094,0.5387,0.0575,0.1974,0.2914,ASSOCIATION
pop_social_initiative_mu,4,0.5987,claim_disclosure_rate,0.4032,0.4111,0.0195,0.1974,0.099,ASSOCIATION
pop_social_initiative_mu,4,0.5987,nomination_friendly_fire_rate,0.7252,0.7316,0.0088,0.1974,0.0447,ASSOCIATION
pop_social_initiative_mu,4,0.5987,execution_friendly_fire_rate,0.8292,0.8186,-0.0128,0.1974,-0.0646,ASSOCIATION
pop_social_initiative_mu,4,0.5987,vote_consistency,0.4374,0.4342,-0.0073,0.1974,-0.037,ASSOCIATION
pop_social_initiative_mu,4,0.5987,vote_participation_rate,0.4888,0.4924,0.0074,0.1974,0.0373,ASSOCIATION
pop_social_initiative_mu,4,0.5987,night_kill_value_percentile,0.5485,0.5499,0.0025,0.1974,0.0127,ASSOCIATION
pop_social_initiative_mu,4,0.5987,monk_protection_quality,0.2052,0.1931,-0.0588,0.1974,-0.2979,ASSOCIATION
pop_social_initiative_mu,4,0.5987,trust_error_rate,0.5801,0.5853,0.0089,0.1974,0.0452,ASSOCIATION
pop_social_initiative_mu,5,0.69,private_chats_per_player_day,0.2172,0.2188,0.0074,0.38,0.0195,ASSOCIATION
pop_social_initiative_mu,5,0.69,good_good_chat_ratio,0.5066,0.5173,0.0212,0.38,0.0558,ASSOCIATION
pop_social_initiative_mu,5,0.69,evil_evil_chat_ratio,0.5094,0.5378,0.0557,0.38,0.1466,ASSOCIATION
pop_social_initiative_mu,5,0.69,claim_disclosure_rate,0.4032,0.3921,-0.0275,0.38,-0.0723,ASSOCIATION
pop_social_initiative_mu,5,0.69,nomination_friendly_fire_rate,0.7252,0.7286,0.0046,0.38,0.0122,ASSOCIATION
pop_social_initiative_mu,5,0.69,execution_friendly_fire_rate,0.8292,0.8169,-0.0149,0.38,-0.0392,ASSOCIATION
pop_social_initiative_mu,5,0.69,vote_consistency,0.4374,0.4357,-0.0038,0.38,-0.0101,ASSOCIATION
pop_social_initiative_mu,5,0.69,vote_participation_rate,0.4888,0.4873,-0.003,0.38,-0.0078,ASSOCIATION
pop_social_initiative_mu,5,0.69,night_kill_value_percentile,0.5485,0.5515,0.0055,0.38,0.0145,ASSOCIATION
pop_social_initiative_mu,5,0.69,monk_protection_quality,0.2052,0.1956,-0.0468,0.38,-0.123,ASSOCIATION
pop_social_initiative_mu,5,0.69,trust_error_rate,0.5801,0.5828,0.0047,0.38,0.0125,ASSOCIATION
pop_openness_mu,1,0.31,private_chats_per_player_day,0.2172,0.2219,0.0215,-0.38,-0.0566,ASSOCIATION
pop_openness_mu,1,0.31,good_good_chat_ratio,0.5066,0.5254,0.0371,-0.38,-0.0976,ASSOCIATION
pop_openness_mu,1,0.31,evil_evil_chat_ratio,0.5094,0.4953,-0.0277,-0.38,0.0729,ASSOCIATION
pop_openness_mu,1,0.31,claim_disclosure_rate,0.4032,0.4199,0.0414,-0.38,-0.109,ASSOCIATION
pop_openness_mu,1,0.31,nomination_friendly_fire_rate,0.7252,0.7314,0.0085,-0.38,-0.0224,ASSOCIATION
pop_openness_mu,1,0.31,execution_friendly_fire_rate,0.8292,0.7989,-0.0365,-0.38,0.0961,ASSOCIATION
pop_openness_mu,1,0.31,vote_consistency,0.4374,0.4343,-0.0071,-0.38,0.0186,ASSOCIATION
pop_openness_mu,1,0.31,vote_participation_rate,0.4888,0.497,0.0167,-0.38,-0.0439,ASSOCIATION
pop_openness_mu,1,0.31,night_kill_value_percentile,0.5485,0.5416,-0.0125,-0.38,0.0329,ASSOCIATION
pop_openness_mu,1,0.31,monk_protection_quality,0.2052,0.1704,-0.1695,-0.38,0.446,ASSOCIATION
pop_openness_mu,1,0.31,trust_error_rate,0.5801,0.5851,0.0086,-0.38,-0.0226,ASSOCIATION
pop_openness_mu,2,0.4013,private_chats_per_player_day,0.2172,0.2207,0.0163,-0.1974,-0.0825,ASSOCIATION
pop_openness_mu,2,0.4013,good_good_chat_ratio,0.5066,0.5225,0.0313,-0.1974,-0.1587,ASSOCIATION
pop_openness_mu,2,0.4013,evil_evil_chat_ratio,0.5094,0.5158,0.0126,-0.1974,-0.0638,ASSOCIATION
pop_openness_mu,2,0.4013,claim_disclosure_rate,0.4032,0.4099,0.0167,-0.1974,-0.0846,ASSOCIATION
pop_openness_mu,2,0.4013,nomination_friendly_fire_rate,0.7252,0.7281,0.004,-0.1974,-0.0204,ASSOCIATION
pop_openness_mu,2,0.4013,execution_friendly_fire_rate,0.8292,0.8134,-0.019,-0.1974,0.0964,ASSOCIATION
pop_openness_mu,2,0.4013,vote_consistency,0.4374,0.4359,-0.0033,-0.1974,0.0169,ASSOCIATION
pop_openness_mu,2,0.4013,vote_participation_rate,0.4888,0.4945,0.0116,-0.1974,-0.0587,ASSOCIATION
pop_openness_mu,2,0.4013,night_kill_value_percentile,0.5485,0.5462,-0.0042,-0.1974,0.0211,ASSOCIATION
pop_openness_mu,2,0.4013,monk_protection_quality,0.2052,0.1914,-0.067,-0.1974,0.3395,ASSOCIATION
pop_openness_mu,2,0.4013,trust_error_rate,0.5801,0.5825,0.0041,-0.1974,-0.0209,ASSOCIATION
pop_openness_mu,3,0.5,private_chats_per_player_day,0.2172,0.223,0.0268,0.0,0.0,ASSOCIATION
pop_openness_mu,3,0.5,good_good_chat_ratio,0.5066,0.5266,0.0394,0.0,0.0,ASSOCIATION
pop_openness_mu,3,0.5,evil_evil_chat_ratio,0.5094,0.53,0.0405,0.0,0.0,ASSOCIATION
pop_openness_mu,3,0.5,claim_disclosure_rate,0.4032,0.4124,0.0229,0.0,0.0,ASSOCIATION
pop_openness_mu,3,0.5,nomination_friendly_fire_rate,0.7252,0.7288,0.005,0.0,0.0,ASSOCIATION
pop_openness_mu,3,0.5,execution_friendly_fire_rate,0.8292,0.7985,-0.037,0.0,0.0,ASSOCIATION
pop_openness_mu,3,0.5,vote_consistency,0.4374,0.4356,-0.0042,0.0,0.0,ASSOCIATION
pop_openness_mu,3,0.5,vote_participation_rate,0.4888,0.497,0.0168,0.0,0.0,ASSOCIATION
pop_openness_mu,3,0.5,night_kill_value_percentile,0.5485,0.5565,0.0146,0.0,0.0,ASSOCIATION
pop_openness_mu,3,0.5,monk_protection_quality,0.2052,0.1898,-0.0751,0.0,0.0,ASSOCIATION
pop_openness_mu,3,0.5,trust_error_rate,0.5801,0.5831,0.0051,0.0,0.0,ASSOCIATION
pop_openness_mu,4,0.5987,private_chats_per_player_day,0.2172,0.2219,0.0219,0.1974,0.1108,ASSOCIATION
pop_openness_mu,4,0.5987,good_good_chat_ratio,0.5066,0.5166,0.0197,0.1974,0.0997,ASSOCIATION
pop_openness_mu,4,0.5987,evil_evil_chat_ratio,0.5094,0.5193,0.0194,0.1974,0.0981,ASSOCIATION
pop_openness_mu,4,0.5987,claim_disclosure_rate,0.4032,0.4102,0.0173,0.1974,0.0876,ASSOCIATION
pop_openness_mu,4,0.5987,nomination_friendly_fire_rate,0.7252,0.7226,-0.0036,0.1974,-0.0181,ASSOCIATION
pop_openness_mu,4,0.5987,execution_friendly_fire_rate,0.8292,0.8188,-0.0125,0.1974,-0.0633,ASSOCIATION
pop_openness_mu,4,0.5987,vote_consistency,0.4374,0.4387,0.003,0.1974,0.015,ASSOCIATION
pop_openness_mu,4,0.5987,vote_participation_rate,0.4888,0.4945,0.0116,0.1974,0.0586,ASSOCIATION
pop_openness_mu,4,0.5987,night_kill_value_percentile,0.5485,0.5478,-0.0013,0.1974,-0.0063,ASSOCIATION
pop_openness_mu,4,0.5987,monk_protection_quality,0.2052,0.1959,-0.0454,0.1974,-0.23,ASSOCIATION
pop_openness_mu,4,0.5987,trust_error_rate,0.5801,0.5781,-0.0035,0.1974,-0.0176,ASSOCIATION
pop_openness_mu,5,0.69,private_chats_per_player_day,0.2172,0.2198,0.0121,0.38,0.0319,ASSOCIATION
pop_openness_mu,5,0.69,good_good_chat_ratio,0.5066,0.5177,0.0219,0.38,0.0575,ASSOCIATION
pop_openness_mu,5,0.69,evil_evil_chat_ratio,0.5094,0.52,0.0208,0.38,0.0547,ASSOCIATION
pop_openness_mu,5,0.69,claim_disclosure_rate,0.4032,0.4099,0.0167,0.38,0.0439,ASSOCIATION
pop_openness_mu,5,0.69,nomination_friendly_fire_rate,0.7252,0.7231,-0.0029,0.38,-0.0076,ASSOCIATION
pop_openness_mu,5,0.69,execution_friendly_fire_rate,0.8292,0.818,-0.0135,0.38,-0.0355,ASSOCIATION
pop_openness_mu,5,0.69,vote_consistency,0.4374,0.4385,0.0024,0.38,0.0063,ASSOCIATION
pop_openness_mu,5,0.69,vote_participation_rate,0.4888,0.4931,0.0088,0.38,0.023,ASSOCIATION
pop_openness_mu,5,0.69,night_kill_value_percentile,0.5485,0.5575,0.0164,0.38,0.0432,ASSOCIATION
pop_openness_mu,5,0.69,monk_protection_quality,0.2052,0.1686,-0.1783,0.38,-0.4692,ASSOCIATION
pop_openness_mu,5,0.69,trust_error_rate,0.5801,0.5785,-0.0028,0.38,-0.0074,ASSOCIATION
pop_aggression_mu,1,0.243,private_chats_per_player_day,0.2172,0.2199,0.0126,-0.4168,-0.0302,ASSOCIATION
pop_aggression_mu,1,0.243,good_good_chat_ratio,0.5066,0.5134,0.0135,-0.4168,-0.0323,ASSOCIATION
pop_aggression_mu,1,0.243,evil_evil_chat_ratio,0.5094,0.5264,0.0333,-0.4168,-0.0798,ASSOCIATION
pop_aggression_mu,1,0.243,claim_disclosure_rate,0.4032,0.4124,0.0227,-0.4168,-0.0545,ASSOCIATION
pop_aggression_mu,1,0.243,nomination_friendly_fire_rate,0.7252,0.7317,0.0089,-0.4168,-0.0214,ASSOCIATION
pop_aggression_mu,1,0.243,execution_friendly_fire_rate,0.8292,0.8216,-0.0092,-0.4168,0.022,ASSOCIATION
pop_aggression_mu,1,0.243,vote_consistency,0.4374,0.4342,-0.0074,-0.4168,0.0177,ASSOCIATION
pop_aggression_mu,1,0.243,vote_participation_rate,0.4888,0.4922,0.007,-0.4168,-0.0167,ASSOCIATION
pop_aggression_mu,1,0.243,night_kill_value_percentile,0.5485,0.5522,0.0067,-0.4168,-0.0161,ASSOCIATION
pop_aggression_mu,1,0.243,monk_protection_quality,0.2052,0.1734,-0.1548,-0.4168,0.3713,ASSOCIATION
pop_aggression_mu,1,0.243,trust_error_rate,0.5801,0.5853,0.009,-0.4168,-0.0216,ASSOCIATION
pop_aggression_mu,2,0.3238,private_chats_per_player_day,0.2172,0.2215,0.0198,-0.2229,-0.0889,ASSOCIATION
pop_aggression_mu,2,0.3238,good_good_chat_ratio,0.5066,0.5235,0.0334,-0.2229,-0.15,ASSOCIATION
pop_aggression_mu,2,0.3238,evil_evil_chat_ratio,0.5094,0.5465,0.0727,-0.2229,-0.3263,ASSOCIATION
pop_aggression_mu,2,0.3238,claim_disclosure_rate,0.4032,0.4087,0.0136,-0.2229,-0.0612,ASSOCIATION
pop_aggression_mu,2,0.3238,nomination_friendly_fire_rate,0.7252,0.7383,0.018,-0.2229,-0.0809,ASSOCIATION
pop_aggression_mu,2,0.3238,execution_friendly_fire_rate,0.8292,0.8048,-0.0294,-0.2229,0.1318,ASSOCIATION
pop_aggression_mu,2,0.3238,vote_consistency,0.4374,0.4309,-0.015,-0.2229,0.0671,ASSOCIATION
pop_aggression_mu,2,0.3238,vote_participation_rate,0.4888,0.4942,0.0111,-0.2229,-0.0496,ASSOCIATION
pop_aggression_mu,2,0.3238,night_kill_value_percentile,0.5485,0.5596,0.0202,-0.2229,-0.0905,ASSOCIATION
pop_aggression_mu,2,0.3238,monk_protection_quality,0.2052,0.1686,-0.1782,-0.2229,0.7993,ASSOCIATION
pop_aggression_mu,2,0.3238,trust_error_rate,0.5801,0.5906,0.0181,-0.2229,-0.0813,ASSOCIATION
pop_aggression_mu,3,0.4167,private_chats_per_player_day,0.2172,0.223,0.0268,0.0,0.0,ASSOCIATION
pop_aggression_mu,3,0.4167,good_good_chat_ratio,0.5066,0.5266,0.0394,0.0,0.0,ASSOCIATION
pop_aggression_mu,3,0.4167,evil_evil_chat_ratio,0.5094,0.53,0.0405,0.0,0.0,ASSOCIATION
pop_aggression_mu,3,0.4167,claim_disclosure_rate,0.4032,0.4124,0.0229,0.0,0.0,ASSOCIATION
pop_aggression_mu,3,0.4167,nomination_friendly_fire_rate,0.7252,0.7287,0.0049,0.0,0.0,ASSOCIATION
pop_aggression_mu,3,0.4167,execution_friendly_fire_rate,0.8292,0.7985,-0.037,0.0,0.0,ASSOCIATION
pop_aggression_mu,3,0.4167,vote_consistency,0.4374,0.4356,-0.004,0.0,0.0,ASSOCIATION
pop_aggression_mu,3,0.4167,vote_participation_rate,0.4888,0.497,0.0167,0.0,0.0,ASSOCIATION
pop_aggression_mu,3,0.4167,night_kill_value_percentile,0.5485,0.5565,0.0146,0.0,0.0,ASSOCIATION
pop_aggression_mu,3,0.4167,monk_protection_quality,0.2052,0.1898,-0.0751,0.0,0.0,ASSOCIATION
pop_aggression_mu,3,0.4167,trust_error_rate,0.5801,0.583,0.0049,0.0,0.0,ASSOCIATION
pop_aggression_mu,4,0.5159,private_chats_per_player_day,0.2172,0.2226,0.0249,0.2381,0.1047,ASSOCIATION
pop_aggression_mu,4,0.5159,good_good_chat_ratio,0.5066,0.5229,0.0321,0.2381,0.135,ASSOCIATION
pop_aggression_mu,4,0.5159,evil_evil_chat_ratio,0.5094,0.5436,0.0672,0.2381,0.2821,ASSOCIATION
pop_aggression_mu,4,0.5159,claim_disclosure_rate,0.4032,0.413,0.0242,0.2381,0.1018,ASSOCIATION
pop_aggression_mu,4,0.5159,nomination_friendly_fire_rate,0.7252,0.7277,0.0035,0.2381,0.0147,ASSOCIATION
pop_aggression_mu,4,0.5159,execution_friendly_fire_rate,0.8292,0.8301,0.0011,0.2381,0.0045,ASSOCIATION
pop_aggression_mu,4,0.5159,vote_consistency,0.4374,0.4361,-0.0029,0.2381,-0.0122,ASSOCIATION
pop_aggression_mu,4,0.5159,vote_participation_rate,0.4888,0.4936,0.0098,0.2381,0.0411,ASSOCIATION
pop_aggression_mu,4,0.5159,night_kill_value_percentile,0.5485,0.5548,0.0115,0.2381,0.0484,ASSOCIATION
pop_aggression_mu,4,0.5159,monk_protection_quality,0.2052,0.1979,-0.0356,0.2381,-0.1496,ASSOCIATION
pop_aggression_mu,4,0.5159,trust_error_rate,0.5801,0.5822,0.0036,0.2381,0.0151,ASSOCIATION
pop_aggression_mu,5,0.6139,private_chats_per_player_day,0.2172,0.2221,0.0228,0.4732,0.0481,ASSOCIATION
pop_aggression_mu,5,0.6139,good_good_chat_ratio,0.5066,0.5141,0.0149,0.4732,0.0315,ASSOCIATION
pop_aggression_mu,5,0.6139,evil_evil_chat_ratio,0.5094,0.531,0.0424,0.4732,0.0897,ASSOCIATION
pop_aggression_mu,5,0.6139,claim_disclosure_rate,0.4032,0.4098,0.0163,0.4732,0.0345,ASSOCIATION
pop_aggression_mu,5,0.6139,nomination_friendly_fire_rate,0.7252,0.7266,0.0019,0.4732,0.004,ASSOCIATION
pop_aggression_mu,5,0.6139,execution_friendly_fire_rate,0.8292,0.8537,0.0295,0.4732,0.0624,ASSOCIATION
pop_aggression_mu,5,0.6139,vote_consistency,0.4374,0.4367,-0.0016,0.4732,-0.0033,ASSOCIATION
pop_aggression_mu,5,0.6139,vote_participation_rate,0.4888,0.4925,0.0075,0.4732,0.0158,ASSOCIATION
pop_aggression_mu,5,0.6139,night_kill_value_percentile,0.5485,0.5565,0.0146,0.4732,0.0308,ASSOCIATION
pop_aggression_mu,5,0.6139,monk_protection_quality,0.2052,0.1908,-0.0699,0.4732,-0.1478,ASSOCIATION
pop_aggression_mu,5,0.6139,trust_error_rate,0.5801,0.5813,0.002,0.4732,0.0042,ASSOCIATION
pop_conformity_mu,1,0.31,private_chats_per_player_day,0.2172,0.2178,0.0026,-0.38,-0.0069,ASSOCIATION
pop_conformity_mu,1,0.31,good_good_chat_ratio,0.5066,0.5229,0.0322,-0.38,-0.0848,ASSOCIATION
pop_conformity_mu,1,0.31,evil_evil_chat_ratio,0.5094,0.5142,0.0094,-0.38,-0.0248,ASSOCIATION
pop_conformity_mu,1,0.31,claim_disclosure_rate,0.4032,0.3923,-0.027,-0.38,0.071,ASSOCIATION
pop_conformity_mu,1,0.31,nomination_friendly_fire_rate,0.7252,0.733,0.0107,-0.38,-0.0283,ASSOCIATION
pop_conformity_mu,1,0.31,execution_friendly_fire_rate,0.8292,0.8271,-0.0026,-0.38,0.0067,ASSOCIATION
pop_conformity_mu,1,0.31,vote_consistency,0.4374,0.4335,-0.0089,-0.38,0.0235,ASSOCIATION
pop_conformity_mu,1,0.31,vote_participation_rate,0.4888,0.4877,-0.0022,-0.38,0.0058,ASSOCIATION
pop_conformity_mu,1,0.31,night_kill_value_percentile,0.5485,0.5412,-0.0132,-0.38,0.0348,ASSOCIATION
pop_conformity_mu,1,0.31,monk_protection_quality,0.2052,0.1566,-0.2368,-0.38,0.6233,ASSOCIATION
pop_conformity_mu,1,0.31,trust_error_rate,0.5801,0.5864,0.0109,-0.38,-0.0286,ASSOCIATION
pop_conformity_mu,2,0.4013,private_chats_per_player_day,0.2172,0.2211,0.0178,-0.1974,-0.09,ASSOCIATION
pop_conformity_mu,2,0.4013,good_good_chat_ratio,0.5066,0.5238,0.034,-0.1974,-0.1724,ASSOCIATION
pop_conformity_mu,2,0.4013,evil_evil_chat_ratio,0.5094,0.5267,0.0339,-0.1974,-0.1719,ASSOCIATION
pop_conformity_mu,2,0.4013,claim_disclosure_rate,0.4032,0.4027,-0.0011,-0.1974,0.0057,ASSOCIATION
pop_conformity_mu,2,0.4013,nomination_friendly_fire_rate,0.7252,0.7292,0.0055,-0.1974,-0.0277,ASSOCIATION
pop_conformity_mu,2,0.4013,execution_friendly_fire_rate,0.8292,0.7986,-0.0369,-0.1974,0.187,ASSOCIATION
pop_conformity_mu,2,0.4013,vote_consistency,0.4374,0.4354,-0.0045,-0.1974,0.0229,ASSOCIATION
pop_conformity_mu,2,0.4013,vote_participation_rate,0.4888,0.4941,0.0108,-0.1974,-0.0548,ASSOCIATION
pop_conformity_mu,2,0.4013,night_kill_value_percentile,0.5485,0.5495,0.0019,-0.1974,-0.0095,ASSOCIATION
pop_conformity_mu,2,0.4013,monk_protection_quality,0.2052,0.1703,-0.17,-0.1974,0.861,ASSOCIATION
pop_conformity_mu,2,0.4013,trust_error_rate,0.5801,0.5833,0.0056,-0.1974,-0.0282,ASSOCIATION
pop_conformity_mu,3,0.5,private_chats_per_player_day,0.2172,0.223,0.0268,0.0,0.0,ASSOCIATION
pop_conformity_mu,3,0.5,good_good_chat_ratio,0.5066,0.5266,0.0394,0.0,0.0,ASSOCIATION
pop_conformity_mu,3,0.5,evil_evil_chat_ratio,0.5094,0.53,0.0405,0.0,0.0,ASSOCIATION
pop_conformity_mu,3,0.5,claim_disclosure_rate,0.4032,0.4124,0.0229,0.0,0.0,ASSOCIATION
pop_conformity_mu,3,0.5,nomination_friendly_fire_rate,0.7252,0.7288,0.005,0.0,0.0,ASSOCIATION
pop_conformity_mu,3,0.5,execution_friendly_fire_rate,0.8292,0.7985,-0.037,0.0,0.0,ASSOCIATION
pop_conformity_mu,3,0.5,vote_consistency,0.4374,0.4356,-0.0042,0.0,0.0,ASSOCIATION
pop_conformity_mu,3,0.5,vote_participation_rate,0.4888,0.497,0.0168,0.0,0.0,ASSOCIATION
pop_conformity_mu,3,0.5,night_kill_value_percentile,0.5485,0.5565,0.0146,0.0,0.0,ASSOCIATION
pop_conformity_mu,3,0.5,monk_protection_quality,0.2052,0.1898,-0.0751,0.0,0.0,ASSOCIATION
pop_conformity_mu,3,0.5,trust_error_rate,0.5801,0.5831,0.0051,0.0,0.0,ASSOCIATION
pop_conformity_mu,4,0.5987,private_chats_per_player_day,0.2172,0.2194,0.0103,0.1974,0.0524,ASSOCIATION
pop_conformity_mu,4,0.5987,good_good_chat_ratio,0.5066,0.529,0.0443,0.1974,0.2244,ASSOCIATION
pop_conformity_mu,4,0.5987,evil_evil_chat_ratio,0.5094,0.5231,0.0268,0.1974,0.136,ASSOCIATION
pop_conformity_mu,4,0.5987,claim_disclosure_rate,0.4032,0.4068,0.0089,0.1974,0.045,ASSOCIATION
pop_conformity_mu,4,0.5987,nomination_friendly_fire_rate,0.7252,0.7274,0.003,0.1974,0.0154,ASSOCIATION
pop_conformity_mu,4,0.5987,execution_friendly_fire_rate,0.8292,0.7955,-0.0406,0.1974,-0.2059,ASSOCIATION
pop_conformity_mu,4,0.5987,vote_consistency,0.4374,0.4363,-0.0025,0.1974,-0.0127,ASSOCIATION
pop_conformity_mu,4,0.5987,vote_participation_rate,0.4888,0.4941,0.0108,0.1974,0.0549,ASSOCIATION
pop_conformity_mu,4,0.5987,night_kill_value_percentile,0.5485,0.5609,0.0226,0.1974,0.1145,ASSOCIATION
pop_conformity_mu,4,0.5987,monk_protection_quality,0.2052,0.1969,-0.0406,0.1974,-0.2058,ASSOCIATION
pop_conformity_mu,4,0.5987,trust_error_rate,0.5801,0.5819,0.0031,0.1974,0.0159,ASSOCIATION
pop_conformity_mu,5,0.69,private_chats_per_player_day,0.2172,0.2197,0.0113,0.38,0.0297,ASSOCIATION
pop_conformity_mu,5,0.69,good_good_chat_ratio,0.5066,0.5278,0.0418,0.38,0.1101,ASSOCIATION
pop_conformity_mu,5,0.69,evil_evil_chat_ratio,0.5094,0.5335,0.0473,0.38,0.1245,ASSOCIATION
pop_conformity_mu,5,0.69,claim_disclosure_rate,0.4032,0.4044,0.0031,0.38,0.0081,ASSOCIATION
pop_conformity_mu,5,0.69,nomination_friendly_fire_rate,0.7252,0.7259,0.001,0.38,0.0026,ASSOCIATION
pop_conformity_mu,5,0.69,execution_friendly_fire_rate,0.8292,0.7928,-0.044,0.38,-0.1157,ASSOCIATION
pop_conformity_mu,5,0.69,vote_consistency,0.4374,0.437,-0.0008,0.38,-0.0022,ASSOCIATION
pop_conformity_mu,5,0.69,vote_participation_rate,0.4888,0.4927,0.0079,0.38,0.0209,ASSOCIATION
pop_conformity_mu,5,0.69,night_kill_value_percentile,0.5485,0.5591,0.0194,0.38,0.051,ASSOCIATION
pop_conformity_mu,5,0.69,monk_protection_quality,0.2052,0.1944,-0.0529,0.38,-0.1391,ASSOCIATION
pop_conformity_mu,5,0.69,trust_error_rate,0.5801,0.5807,0.0011,0.38,0.0029,ASSOCIATION
skill_temperature_scale,1,0.5,private_chats_per_player_day,0.2172,0.2114,-0.0266,-0.5,0.0531,ASSOCIATION
skill_temperature_scale,1,0.5,good_good_chat_ratio,0.5066,0.5113,0.0094,-0.5,-0.0187,ASSOCIATION
skill_temperature_scale,1,0.5,evil_evil_chat_ratio,0.5094,0.5099,0.001,-0.5,-0.002,ASSOCIATION
skill_temperature_scale,1,0.5,claim_disclosure_rate,0.4032,0.3664,-0.0912,-0.5,0.1824,ASSOCIATION
skill_temperature_scale,1,0.5,nomination_friendly_fire_rate,0.7252,0.7255,0.0004,-0.5,-0.0007,ASSOCIATION
skill_temperature_scale,1,0.5,execution_friendly_fire_rate,0.8292,0.8233,-0.0072,-0.5,0.0143,ASSOCIATION
skill_temperature_scale,1,0.5,vote_consistency,0.4374,0.4373,-0.0003,-0.5,0.0006,ASSOCIATION
skill_temperature_scale,1,0.5,vote_participation_rate,0.4888,0.4162,-0.1485,-0.5,0.297,ASSOCIATION
skill_temperature_scale,1,0.5,night_kill_value_percentile,0.5485,0.5312,-0.0315,-0.5,0.0631,ASSOCIATION
skill_temperature_scale,1,0.5,monk_protection_quality,0.2052,0.1824,-0.1113,-0.5,0.2227,ASSOCIATION
skill_temperature_scale,1,0.5,trust_error_rate,0.5801,0.5804,0.0005,-0.5,-0.0009,ASSOCIATION
skill_temperature_scale,2,0.8,private_chats_per_player_day,0.2172,0.2204,0.0149,-0.2,-0.0745,ASSOCIATION
skill_temperature_scale,2,0.8,good_good_chat_ratio,0.5066,0.521,0.0283,-0.2,-0.1417,ASSOCIATION
skill_temperature_scale,2,0.8,evil_evil_chat_ratio,0.5094,0.5336,0.0475,-0.2,-0.2373,ASSOCIATION
skill_temperature_scale,2,0.8,claim_disclosure_rate,0.4032,0.4139,0.0266,-0.2,-0.1329,ASSOCIATION
skill_temperature_scale,2,0.8,nomination_friendly_fire_rate,0.7252,0.7263,0.0015,-0.2,-0.0077,ASSOCIATION
skill_temperature_scale,2,0.8,execution_friendly_fire_rate,0.8292,0.8382,0.0108,-0.2,-0.0541,ASSOCIATION
skill_temperature_scale,2,0.8,vote_consistency,0.4374,0.4368,-0.0013,-0.2,0.0064,ASSOCIATION
skill_temperature_scale,2,0.8,vote_participation_rate,0.4888,0.4858,-0.0061,-0.2,0.0303,ASSOCIATION
skill_temperature_scale,2,0.8,night_kill_value_percentile,0.5485,0.5531,0.0084,-0.2,-0.042,ASSOCIATION
skill_temperature_scale,2,0.8,monk_protection_quality,0.2052,0.1722,-0.1609,-0.2,0.8047,ASSOCIATION
skill_temperature_scale,2,0.8,trust_error_rate,0.5801,0.581,0.0016,-0.2,-0.0082,ASSOCIATION
skill_temperature_scale,3,1.0,private_chats_per_player_day,0.2172,0.223,0.0268,0.0,0.0,ASSOCIATION
skill_temperature_scale,3,1.0,good_good_chat_ratio,0.5066,0.5266,0.0394,0.0,0.0,ASSOCIATION
skill_temperature_scale,3,1.0,evil_evil_chat_ratio,0.5094,0.53,0.0405,0.0,0.0,ASSOCIATION
skill_temperature_scale,3,1.0,claim_disclosure_rate,0.4032,0.4124,0.0229,0.0,0.0,ASSOCIATION
skill_temperature_scale,3,1.0,nomination_friendly_fire_rate,0.7252,0.7288,0.005,0.0,0.0,ASSOCIATION
skill_temperature_scale,3,1.0,execution_friendly_fire_rate,0.8292,0.7985,-0.037,0.0,0.0,ASSOCIATION
skill_temperature_scale,3,1.0,vote_consistency,0.4374,0.4356,-0.0042,0.0,0.0,ASSOCIATION
skill_temperature_scale,3,1.0,vote_participation_rate,0.4888,0.497,0.0168,0.0,0.0,ASSOCIATION
skill_temperature_scale,3,1.0,night_kill_value_percentile,0.5485,0.5565,0.0146,0.0,0.0,ASSOCIATION
skill_temperature_scale,3,1.0,monk_protection_quality,0.2052,0.1898,-0.0751,0.0,0.0,ASSOCIATION
skill_temperature_scale,3,1.0,trust_error_rate,0.5801,0.5831,0.0051,0.0,0.0,ASSOCIATION
skill_temperature_scale,4,1.2,private_chats_per_player_day,0.2172,0.2208,0.0167,0.2,0.0834,ASSOCIATION
skill_temperature_scale,4,1.2,good_good_chat_ratio,0.5066,0.5215,0.0294,0.2,0.147,ASSOCIATION
skill_temperature_scale,4,1.2,evil_evil_chat_ratio,0.5094,0.5276,0.0357,0.2,0.1786,ASSOCIATION
skill_temperature_scale,4,1.2,claim_disclosure_rate,0.4032,0.4092,0.0148,0.2,0.0742,ASSOCIATION
skill_temperature_scale,4,1.2,nomination_friendly_fire_rate,0.7252,0.7205,-0.0065,0.2,-0.0326,ASSOCIATION
skill_temperature_scale,4,1.2,execution_friendly_fire_rate,0.8292,0.8005,-0.0346,0.2,-0.1731,ASSOCIATION
skill_temperature_scale,4,1.2,vote_consistency,0.4374,0.4398,0.0054,0.2,0.0271,ASSOCIATION
skill_temperature_scale,4,1.2,vote_participation_rate,0.4888,0.4942,0.011,0.2,0.0549,ASSOCIATION
skill_temperature_scale,4,1.2,night_kill_value_percentile,0.5485,0.5612,0.0232,0.2,0.1159,ASSOCIATION
skill_temperature_scale,4,1.2,monk_protection_quality,0.2052,0.1795,-0.1254,0.2,-0.6268,ASSOCIATION
skill_temperature_scale,4,1.2,trust_error_rate,0.5801,0.5764,-0.0064,0.2,-0.0322,ASSOCIATION
skill_temperature_scale,5,1.5,private_chats_per_player_day,0.2172,0.2239,0.0311,0.5,0.0621,ASSOCIATION
skill_temperature_scale,5,1.5,good_good_chat_ratio,0.5066,0.5188,0.024,0.5,0.0481,ASSOCIATION
skill_temperature_scale,5,1.5,evil_evil_chat_ratio,0.5094,0.5318,0.0439,0.5,0.0878,ASSOCIATION
skill_temperature_scale,5,1.5,claim_disclosure_rate,0.4032,0.4324,0.0725,0.5,0.145,ASSOCIATION
skill_temperature_scale,5,1.5,nomination_friendly_fire_rate,0.7252,0.7256,0.0006,0.5,0.0011,ASSOCIATION
skill_temperature_scale,5,1.5,execution_friendly_fire_rate,0.8292,0.8351,0.0071,0.5,0.0142,ASSOCIATION
skill_temperature_scale,5,1.5,vote_consistency,0.4374,0.4372,-0.0005,0.5,-0.0009,ASSOCIATION
skill_temperature_scale,5,1.5,vote_participation_rate,0.4888,0.4966,0.016,0.5,0.0321,ASSOCIATION
skill_temperature_scale,5,1.5,night_kill_value_percentile,0.5485,0.5633,0.0269,0.5,0.0538,ASSOCIATION
skill_temperature_scale,5,1.5,monk_protection_quality,0.2052,0.1906,-0.0711,0.5,-0.1422,ASSOCIATION
skill_temperature_scale,5,1.5,trust_error_rate,0.5801,0.5805,0.0007,0.5,0.0013,ASSOCIATION
skill_belief_accuracy_scale,1,0.5,private_chats_per_player_day,0.2172,0.224,0.0313,-0.5,-0.0627,ASSOCIATION
skill_belief_accuracy_scale,1,0.5,good_good_chat_ratio,0.5066,0.5288,0.0439,-0.5,-0.0878,ASSOCIATION
skill_belief_accuracy_scale,1,0.5,evil_evil_chat_ratio,0.5094,0.5279,0.0364,-0.5,-0.0727,ASSOCIATION
skill_belief_accuracy_scale,1,0.5,claim_disclosure_rate,0.4032,0.4176,0.0357,-0.5,-0.0714,ASSOCIATION
skill_belief_accuracy_scale,1,0.5,nomination_friendly_fire_rate,0.7252,0.7278,0.0036,-0.5,-0.0072,ASSOCIATION
skill_belief_accuracy_scale,1,0.5,execution_friendly_fire_rate,0.8292,0.8178,-0.0137,-0.5,0.0274,ASSOCIATION
skill_belief_accuracy_scale,1,0.5,vote_consistency,0.4374,0.4361,-0.003,-0.5,0.006,ASSOCIATION
skill_belief_accuracy_scale,1,0.5,vote_participation_rate,0.4888,0.4974,0.0176,-0.5,-0.0351,ASSOCIATION
skill_belief_accuracy_scale,1,0.5,night_kill_value_percentile,0.5485,0.5611,0.023,-0.5,-0.046,ASSOCIATION
skill_belief_accuracy_scale,1,0.5,monk_protection_quality,0.2052,0.1901,-0.0736,-0.5,0.1471,ASSOCIATION
skill_belief_accuracy_scale,1,0.5,trust_error_rate,0.5801,0.5822,0.0037,-0.5,-0.0074,ASSOCIATION
skill_belief_accuracy_scale,2,0.8,private_chats_per_player_day,0.2172,0.2233,0.0281,-0.2,-0.1406,ASSOCIATION
skill_belief_accuracy_scale,2,0.8,good_good_chat_ratio,0.5066,0.526,0.0384,-0.2,-0.1918,ASSOCIATION
skill_belief_accuracy_scale,2,0.8,evil_evil_chat_ratio,0.5094,0.5291,0.0387,-0.2,-0.1936,ASSOCIATION
skill_belief_accuracy_scale,2,0.8,claim_disclosure_rate,0.4032,0.4149,0.0291,-0.2,-0.1453,ASSOCIATION
skill_belief_accuracy_scale,2,0.8,nomination_friendly_fire_rate,0.7252,0.7283,0.0043,-0.2,-0.0213,ASSOCIATION
skill_belief_accuracy_scale,2,0.8,execution_friendly_fire_rate,0.8292,0.8143,-0.0179,-0.2,0.0896,ASSOCIATION
skill_belief_accuracy_scale,2,0.8,vote_consistency,0.4374,0.4359,-0.0035,-0.2,0.0177,ASSOCIATION
skill_belief_accuracy_scale,2,0.8,vote_participation_rate,0.4888,0.496,0.0148,-0.2,-0.074,ASSOCIATION
skill_belief_accuracy_scale,2,0.8,night_kill_value_percentile,0.5485,0.5569,0.0154,-0.2,-0.0768,ASSOCIATION
skill_belief_accuracy_scale,2,0.8,monk_protection_quality,0.2052,0.1871,-0.0884,-0.2,0.4422,ASSOCIATION
skill_belief_accuracy_scale,2,0.8,trust_error_rate,0.5801,0.5826,0.0044,-0.2,-0.0218,ASSOCIATION
skill_belief_accuracy_scale,3,1.0,private_chats_per_player_day,0.2172,0.223,0.0268,0.0,0.0,ASSOCIATION
skill_belief_accuracy_scale,3,1.0,good_good_chat_ratio,0.5066,0.5266,0.0394,0.0,0.0,ASSOCIATION
skill_belief_accuracy_scale,3,1.0,evil_evil_chat_ratio,0.5094,0.53,0.0405,0.0,0.0,ASSOCIATION
skill_belief_accuracy_scale,3,1.0,claim_disclosure_rate,0.4032,0.4124,0.0229,0.0,0.0,ASSOCIATION
skill_belief_accuracy_scale,3,1.0,nomination_friendly_fire_rate,0.7252,0.7288,0.005,0.0,0.0,ASSOCIATION
skill_belief_accuracy_scale,3,1.0,execution_friendly_fire_rate,0.8292,0.7985,-0.037,0.0,0.0,ASSOCIATION
skill_belief_accuracy_scale,3,1.0,vote_consistency,0.4374,0.4356,-0.0042,0.0,0.0,ASSOCIATION
skill_belief_accuracy_scale,3,1.0,vote_participation_rate,0.4888,0.497,0.0168,0.0,0.0,ASSOCIATION
skill_belief_accuracy_scale,3,1.0,night_kill_value_percentile,0.5485,0.5565,0.0146,0.0,0.0,ASSOCIATION
skill_belief_accuracy_scale,3,1.0,monk_protection_quality,0.2052,0.1898,-0.0751,0.0,0.0,ASSOCIATION
skill_belief_accuracy_scale,3,1.0,trust_error_rate,0.5801,0.5831,0.0051,0.0,0.0,ASSOCIATION
skill_belief_accuracy_scale,4,1.2,private_chats_per_player_day,0.2172,0.2224,0.0239,0.2,0.1194,ASSOCIATION
skill_belief_accuracy_scale,4,1.2,good_good_chat_ratio,0.5066,0.5261,0.0385,0.2,0.1923,ASSOCIATION
skill_belief_accuracy_scale,4,1.2,evil_evil_chat_ratio,0.5094,0.5309,0.0423,0.2,0.2113,ASSOCIATION
skill_belief_accuracy_scale,4,1.2,claim_disclosure_rate,0.4032,0.4071,0.0097,0.2,0.0485,ASSOCIATION
skill_belief_accuracy_scale,4,1.2,nomination_friendly_fire_rate,0.7252,0.7279,0.0038,0.2,0.0189,ASSOCIATION
skill_belief_accuracy_scale,4,1.2,execution_friendly_fire_rate,0.8292,0.7948,-0.0415,0.2,-0.2077,ASSOCIATION
skill_belief_accuracy_scale,4,1.2,vote_consistency,0.4374,0.436,-0.0031,0.2,-0.0156,ASSOCIATION
skill_belief_accuracy_scale,4,1.2,vote_participation_rate,0.4888,0.4952,0.013,0.2,0.0652,ASSOCIATION
skill_belief_accuracy_scale,4,1.2,night_kill_value_percentile,0.5485,0.5571,0.0156,0.2,0.0782,ASSOCIATION
skill_belief_accuracy_scale,4,1.2,monk_protection_quality,0.2052,0.1991,-0.03,0.2,-0.1498,ASSOCIATION
skill_belief_accuracy_scale,4,1.2,trust_error_rate,0.5801,0.5823,0.0039,0.2,0.0193,ASSOCIATION
skill_belief_accuracy_scale,5,1.5,private_chats_per_player_day,0.2172,0.221,0.0173,0.5,0.0346,ASSOCIATION
skill_belief_accuracy_scale,5,1.5,good_good_chat_ratio,0.5066,0.5243,0.035,0.5,0.07,ASSOCIATION
skill_belief_accuracy_scale,5,1.5,evil_evil_chat_ratio,0.5094,0.5317,0.0437,0.5,0.0875,ASSOCIATION
skill_belief_accuracy_scale,5,1.5,claim_disclosure_rate,0.4032,0.4066,0.0083,0.5,0.0167,ASSOCIATION
skill_belief_accuracy_scale,5,1.5,nomination_friendly_fire_rate,0.7252,0.7285,0.0045,0.5,0.009,ASSOCIATION
skill_belief_accuracy_scale,5,1.5,execution_friendly_fire_rate,0.8292,0.7993,-0.036,0.5,-0.072,ASSOCIATION
skill_belief_accuracy_scale,5,1.5,vote_consistency,0.4374,0.4358,-0.0037,0.5,-0.0075,ASSOCIATION
skill_belief_accuracy_scale,5,1.5,vote_participation_rate,0.4888,0.4953,0.0132,0.5,0.0264,ASSOCIATION
skill_belief_accuracy_scale,5,1.5,night_kill_value_percentile,0.5485,0.5545,0.0109,0.5,0.0218,ASSOCIATION
skill_belief_accuracy_scale,5,1.5,monk_protection_quality,0.2052,0.1934,-0.0576,0.5,-0.1153,ASSOCIATION
skill_belief_accuracy_scale,5,1.5,trust_error_rate,0.5801,0.5828,0.0046,0.5,0.0092,ASSOCIATION
vote_evil_weight,1,1.5,private_chats_per_player_day,0.2172,0.2234,0.0287,-0.5,-0.0575,ASSOCIATION
vote_evil_weight,1,1.5,good_good_chat_ratio,0.5066,0.5179,0.0222,-0.5,-0.0445,ASSOCIATION
vote_evil_weight,1,1.5,evil_evil_chat_ratio,0.5094,0.5364,0.053,-0.5,-0.1061,ASSOCIATION
vote_evil_weight,1,1.5,claim_disclosure_rate,0.4032,0.4286,0.0631,-0.5,-0.1262,ASSOCIATION
vote_evil_weight,1,1.5,nomination_friendly_fire_rate,0.7252,0.7335,0.0114,-0.5,-0.0229,ASSOCIATION
vote_evil_weight,1,1.5,execution_friendly_fire_rate,0.8292,0.8626,0.0403,-0.5,-0.0805,ASSOCIATION
vote_evil_weight,1,1.5,vote_consistency,0.4374,0.4333,-0.0095,-0.5,0.019,ASSOCIATION
vote_evil_weight,1,1.5,vote_participation_rate,0.4888,0.421,-0.1386,-0.5,0.2772,ASSOCIATION
vote_evil_weight,1,1.5,night_kill_value_percentile,0.5485,0.5553,0.0124,-0.5,-0.0249,ASSOCIATION
vote_evil_weight,1,1.5,monk_protection_quality,0.2052,0.1848,-0.0993,-0.5,0.1986,ASSOCIATION
vote_evil_weight,1,1.5,trust_error_rate,0.5801,0.5868,0.0115,-0.5,-0.0231,ASSOCIATION
vote_evil_weight,2,2.4,private_chats_per_player_day,0.2172,0.2187,0.0071,-0.2,-0.0354,ASSOCIATION
vote_evil_weight,2,2.4,good_good_chat_ratio,0.5066,0.5204,0.0273,-0.2,-0.1365,ASSOCIATION
vote_evil_weight,2,2.4,evil_evil_chat_ratio,0.5094,0.5353,0.0508,-0.2,-0.254,ASSOCIATION
vote_evil_weight,2,2.4,claim_disclosure_rate,0.4032,0.4115,0.0205,-0.2,-0.1027,ASSOCIATION
vote_evil_weight,2,2.4,nomination_friendly_fire_rate,0.7252,0.7265,0.0018,-0.2,-0.0091,ASSOCIATION
vote_evil_weight,2,2.4,execution_friendly_fire_rate,0.8292,0.7973,-0.0385,-0.2,0.1926,ASSOCIATION
vote_evil_weight,2,2.4,vote_consistency,0.4374,0.4367,-0.0015,-0.2,0.0076,ASSOCIATION
vote_evil_weight,2,2.4,vote_participation_rate,0.4888,0.4621,-0.0545,-0.2,0.2726,ASSOCIATION
vote_evil_weight,2,2.4,night_kill_value_percentile,0.5485,0.5581,0.0175,-0.2,-0.0873,ASSOCIATION
vote_evil_weight,2,2.4,monk_protection_quality,0.2052,0.1796,-0.1247,-0.2,0.6233,ASSOCIATION
vote_evil_weight,2,2.4,trust_error_rate,0.5801,0.5812,0.0019,-0.2,-0.0096,ASSOCIATION
vote_evil_weight,3,3.0,private_chats_per_player_day,0.2172,0.223,0.0268,0.0,0.0,ASSOCIATION
vote_evil_weight,3,3.0,good_good_chat_ratio,0.5066,0.5266,0.0394,0.0,0.0,ASSOCIATION
vote_evil_weight,3,3.0,evil_evil_chat_ratio,0.5094,0.53,0.0405,0.0,0.0,ASSOCIATION
vote_evil_weight,3,3.0,claim_disclosure_rate,0.4032,0.4124,0.0229,0.0,0.0,ASSOCIATION
vote_evil_weight,3,3.0,nomination_friendly_fire_rate,0.7252,0.7288,0.005,0.0,0.0,ASSOCIATION
vote_evil_weight,3,3.0,execution_friendly_fire_rate,0.8292,0.7985,-0.037,0.0,0.0,ASSOCIATION
vote_evil_weight,3,3.0,vote_consistency,0.4374,0.4356,-0.0042,0.0,0.0,ASSOCIATION
vote_evil_weight,3,3.0,vote_participation_rate,0.4888,0.497,0.0168,0.0,0.0,ASSOCIATION
vote_evil_weight,3,3.0,night_kill_value_percentile,0.5485,0.5565,0.0146,0.0,0.0,ASSOCIATION
vote_evil_weight,3,3.0,monk_protection_quality,0.2052,0.1898,-0.0751,0.0,0.0,ASSOCIATION
vote_evil_weight,3,3.0,trust_error_rate,0.5801,0.5831,0.0051,0.0,0.0,ASSOCIATION
vote_evil_weight,4,3.6,private_chats_per_player_day,0.2172,0.22,0.0128,0.2,0.064,ASSOCIATION
vote_evil_weight,4,3.6,good_good_chat_ratio,0.5066,0.519,0.0244,0.2,0.122,ASSOCIATION
vote_evil_weight,4,3.6,evil_evil_chat_ratio,0.5094,0.5248,0.0303,0.2,0.1513,ASSOCIATION
vote_evil_weight,4,3.6,claim_disclosure_rate,0.4032,0.395,-0.0204,0.2,-0.1018,ASSOCIATION
vote_evil_weight,4,3.6,nomination_friendly_fire_rate,0.7252,0.7291,0.0054,0.2,0.0272,ASSOCIATION
vote_evil_weight,4,3.6,execution_friendly_fire_rate,0.8292,0.8024,-0.0323,0.2,-0.1615,ASSOCIATION
vote_evil_weight,4,3.6,vote_consistency,0.4374,0.4354,-0.0045,0.2,-0.0226,ASSOCIATION
vote_evil_weight,4,3.6,vote_participation_rate,0.4888,0.5157,0.055,0.2,0.2749,ASSOCIATION
vote_evil_weight,4,3.6,night_kill_value_percentile,0.5485,0.542,-0.0119,0.2,-0.0594,ASSOCIATION
vote_evil_weight,4,3.6,monk_protection_quality,0.2052,0.2045,-0.0034,0.2,-0.017,ASSOCIATION
vote_evil_weight,4,3.6,trust_error_rate,0.5801,0.5833,0.0055,0.2,0.0277,ASSOCIATION
vote_evil_weight,5,4.5,private_chats_per_player_day,0.2172,0.216,-0.0057,0.5,-0.0115,ASSOCIATION
vote_evil_weight,5,4.5,good_good_chat_ratio,0.5066,0.518,0.0225,0.5,0.045,ASSOCIATION
vote_evil_weight,5,4.5,evil_evil_chat_ratio,0.5094,0.5365,0.0532,0.5,0.1064,ASSOCIATION
vote_evil_weight,5,4.5,claim_disclosure_rate,0.4032,0.3758,-0.068,0.5,-0.136,ASSOCIATION
vote_evil_weight,5,4.5,nomination_friendly_fire_rate,0.7252,0.7315,0.0087,0.5,0.0174,ASSOCIATION
vote_evil_weight,5,4.5,execution_friendly_fire_rate,0.8292,0.798,-0.0376,0.5,-0.0752,ASSOCIATION
vote_evil_weight,5,4.5,vote_consistency,0.4374,0.4342,-0.0072,0.5,-0.0144,ASSOCIATION
vote_evil_weight,5,4.5,vote_participation_rate,0.4888,0.548,0.1212,0.5,0.2424,ASSOCIATION
vote_evil_weight,5,4.5,night_kill_value_percentile,0.5485,0.5334,-0.0276,0.5,-0.0552,ASSOCIATION
vote_evil_weight,5,4.5,monk_protection_quality,0.2052,0.1952,-0.0486,0.5,-0.0971,ASSOCIATION
vote_evil_weight,5,4.5,trust_error_rate,0.5801,0.5852,0.0088,0.5,0.0176,ASSOCIATION
nomination_evil_weight,1,1.25,private_chats_per_player_day,0.2172,0.2272,0.0462,-0.5,-0.0924,ASSOCIATION
nomination_evil_weight,1,1.25,good_good_chat_ratio,0.5066,0.5208,0.0279,-0.5,-0.0559,ASSOCIATION
nomination_evil_weight,1,1.25,evil_evil_chat_ratio,0.5094,0.5367,0.0535,-0.5,-0.107,ASSOCIATION
nomination_evil_weight,1,1.25,claim_disclosure_rate,0.4032,0.4292,0.0644,-0.5,-0.1289,ASSOCIATION
nomination_evil_weight,1,1.25,nomination_friendly_fire_rate,0.7252,0.7282,0.0041,-0.5,-0.0083,ASSOCIATION
nomination_evil_weight,1,1.25,execution_friendly_fire_rate,0.8292,0.8194,-0.0118,-0.5,0.0236,ASSOCIATION
nomination_evil_weight,1,1.25,vote_consistency,0.4374,0.4359,-0.0034,-0.5,0.0069,ASSOCIATION
nomination_evil_weight,1,1.25,vote_participation_rate,0.4888,0.5011,0.0253,-0.5,-0.0505,ASSOCIATION
nomination_evil_weight,1,1.25,night_kill_value_percentile,0.5485,0.5682,0.0359,-0.5,-0.0718,ASSOCIATION
nomination_evil_weight,1,1.25,monk_protection_quality,0.2052,0.1788,-0.1285,-0.5,0.2569,ASSOCIATION
nomination_evil_weight,1,1.25,trust_error_rate,0.5801,0.5826,0.0042,-0.5,-0.0085,ASSOCIATION
nomination_evil_weight,2,2.0,private_chats_per_player_day,0.2172,0.2201,0.0131,-0.2,-0.0656,ASSOCIATION
nomination_evil_weight,2,2.0,good_good_chat_ratio,0.5066,0.5225,0.0313,-0.2,-0.1567,ASSOCIATION
nomination_evil_weight,2,2.0,evil_evil_chat_ratio,0.5094,0.5194,0.0196,-0.2,-0.0978,ASSOCIATION
nomination_evil_weight,2,2.0,claim_disclosure_rate,0.4032,0.4114,0.0204,-0.2,-0.1019,ASSOCIATION
nomination_evil_weight,2,2.0,nomination_friendly_fire_rate,0.7252,0.731,0.008,-0.2,-0.0402,ASSOCIATION
nomination_evil_weight,2,2.0,execution_friendly_fire_rate,0.8292,0.8165,-0.0153,-0.2,0.0766,ASSOCIATION
nomination_evil_weight,2,2.0,vote_consistency,0.4374,0.4345,-0.0067,-0.2,0.0333,ASSOCIATION
nomination_evil_weight,2,2.0,vote_participation_rate,0.4888,0.4925,0.0076,-0.2,-0.0379,ASSOCIATION
nomination_evil_weight,2,2.0,night_kill_value_percentile,0.5485,0.5512,0.005,-0.2,-0.025,ASSOCIATION
nomination_evil_weight,2,2.0,monk_protection_quality,0.2052,0.1856,-0.0955,-0.2,0.4777,ASSOCIATION
nomination_evil_weight,2,2.0,trust_error_rate,0.5801,0.5848,0.0081,-0.2,-0.0407,ASSOCIATION
nomination_evil_weight,3,2.5,private_chats_per_player_day,0.2172,0.223,0.0268,0.0,0.0,ASSOCIATION
nomination_evil_weight,3,2.5,good_good_chat_ratio,0.5066,0.5266,0.0394,0.0,0.0,ASSOCIATION
nomination_evil_weight,3,2.5,evil_evil_chat_ratio,0.5094,0.53,0.0405,0.0,0.0,ASSOCIATION
nomination_evil_weight,3,2.5,claim_disclosure_rate,0.4032,0.4124,0.0229,0.0,0.0,ASSOCIATION
nomination_evil_weight,3,2.5,nomination_friendly_fire_rate,0.7252,0.7288,0.005,0.0,0.0,ASSOCIATION
nomination_evil_weight,3,2.5,execution_friendly_fire_rate,0.8292,0.7985,-0.037,0.0,0.0,ASSOCIATION
nomination_evil_weight,3,2.5,vote_consistency,0.4374,0.4356,-0.0042,0.0,0.0,ASSOCIATION
nomination_evil_weight,3,2.5,vote_participation_rate,0.4888,0.497,0.0168,0.0,0.0,ASSOCIATION
nomination_evil_weight,3,2.5,night_kill_value_percentile,0.5485,0.5565,0.0146,0.0,0.0,ASSOCIATION
nomination_evil_weight,3,2.5,monk_protection_quality,0.2052,0.1898,-0.0751,0.0,0.0,ASSOCIATION
nomination_evil_weight,3,2.5,trust_error_rate,0.5801,0.5831,0.0051,0.0,0.0,ASSOCIATION
nomination_evil_weight,4,3.0,private_chats_per_player_day,0.2172,0.2226,0.0247,0.2,0.1236,ASSOCIATION
nomination_evil_weight,4,3.0,good_good_chat_ratio,0.5066,0.525,0.0363,0.2,0.1817,ASSOCIATION
nomination_evil_weight,4,3.0,evil_evil_chat_ratio,0.5094,0.5337,0.0477,0.2,0.2385,ASSOCIATION
nomination_evil_weight,4,3.0,claim_disclosure_rate,0.4032,0.4085,0.013,0.2,0.0652,ASSOCIATION
nomination_evil_weight,4,3.0,nomination_friendly_fire_rate,0.7252,0.7247,-0.0008,0.2,-0.0038,ASSOCIATION
nomination_evil_weight,4,3.0,execution_friendly_fire_rate,0.8292,0.8322,0.0036,0.2,0.0179,ASSOCIATION
nomination_evil_weight,4,3.0,vote_consistency,0.4374,0.4377,0.0006,0.2,0.0031,ASSOCIATION
nomination_evil_weight,4,3.0,vote_participation_rate,0.4888,0.4939,0.0104,0.2,0.0519,ASSOCIATION
nomination_evil_weight,4,3.0,night_kill_value_percentile,0.5485,0.5575,0.0165,0.2,0.0824,ASSOCIATION
nomination_evil_weight,4,3.0,monk_protection_quality,0.2052,0.1874,-0.0866,0.2,-0.4329,ASSOCIATION
nomination_evil_weight,4,3.0,trust_error_rate,0.5801,0.5797,-0.0007,0.2,-0.0033,ASSOCIATION
nomination_evil_weight,5,3.75,private_chats_per_player_day,0.2172,0.22,0.0127,0.5,0.0254,ASSOCIATION
nomination_evil_weight,5,3.75,good_good_chat_ratio,0.5066,0.5231,0.0325,0.5,0.065,ASSOCIATION
nomination_evil_weight,5,3.75,evil_evil_chat_ratio,0.5094,0.5374,0.055,0.5,0.11,ASSOCIATION
nomination_evil_weight,5,3.75,claim_disclosure_rate,0.4032,0.4003,-0.0071,0.5,-0.0143,ASSOCIATION
nomination_evil_weight,5,3.75,nomination_friendly_fire_rate,0.7252,0.7197,-0.0076,0.5,-0.0152,ASSOCIATION
nomination_evil_weight,5,3.75,execution_friendly_fire_rate,0.8292,0.8307,0.0018,0.5,0.0035,ASSOCIATION
nomination_evil_weight,5,3.75,vote_consistency,0.4374,0.4402,0.0063,0.5,0.0126,ASSOCIATION
nomination_evil_weight,5,3.75,vote_participation_rate,0.4888,0.4873,-0.0031,0.5,-0.0061,ASSOCIATION
nomination_evil_weight,5,3.75,night_kill_value_percentile,0.5485,0.5533,0.0087,0.5,0.0174,ASSOCIATION
nomination_evil_weight,5,3.75,monk_protection_quality,0.2052,0.1673,-0.1849,0.5,-0.3697,ASSOCIATION
nomination_evil_weight,5,3.75,trust_error_rate,0.5801,0.5757,-0.0075,0.5,-0.015,ASSOCIATION
vote_base_bias,1,-2.25,private_chats_per_player_day,0.2172,0.2149,-0.0107,-0.875,0.0122,ASSOCIATION
vote_base_bias,1,-2.25,good_good_chat_ratio,0.5066,0.52,0.0264,-0.875,-0.0302,ASSOCIATION
vote_base_bias,1,-2.25,evil_evil_chat_ratio,0.5094,0.5346,0.0495,-0.875,-0.0566,ASSOCIATION
vote_base_bias,1,-2.25,claim_disclosure_rate,0.4032,0.3833,-0.0495,-0.875,0.0565,ASSOCIATION
vote_base_bias,1,-2.25,nomination_friendly_fire_rate,0.7252,0.7289,0.0052,-0.875,-0.0059,ASSOCIATION
vote_base_bias,1,-2.25,execution_friendly_fire_rate,0.8292,0.8259,-0.004,-0.875,0.0045,ASSOCIATION
vote_base_bias,1,-2.25,vote_consistency,0.4374,0.4355,-0.0043,-0.875,0.0049,ASSOCIATION
vote_base_bias,1,-2.25,vote_participation_rate,0.4888,0.3673,-0.2485,-0.875,0.284,ASSOCIATION
vote_base_bias,1,-2.25,night_kill_value_percentile,0.5485,0.5376,-0.0199,-0.875,0.0228,ASSOCIATION
vote_base_bias,1,-2.25,monk_protection_quality,0.2052,0.181,-0.118,-0.875,0.1348,ASSOCIATION
vote_base_bias,1,-2.25,trust_error_rate,0.5801,0.5832,0.0053,-0.875,-0.006,ASSOCIATION
vote_base_bias,2,-1.725,private_chats_per_player_day,0.2172,0.2198,0.012,-0.4375,-0.0274,ASSOCIATION
vote_base_bias,2,-1.725,good_good_chat_ratio,0.5066,0.5224,0.0312,-0.4375,-0.0714,ASSOCIATION
vote_base_bias,2,-1.725,evil_evil_chat_ratio,0.5094,0.5309,0.0422,-0.4375,-0.0965,ASSOCIATION
vote_base_bias,2,-1.725,claim_disclosure_rate,0.4032,0.4101,0.017,-0.4375,-0.0389,ASSOCIATION
vote_base_bias,2,-1.725,nomination_friendly_fire_rate,0.7252,0.7312,0.0083,-0.4375,-0.019,ASSOCIATION
vote_base_bias,2,-1.725,execution_friendly_fire_rate,0.8292,0.8336,0.0053,-0.4375,-0.0121,ASSOCIATION
vote_base_bias,2,-1.725,vote_consistency,0.4374,0.4344,-0.0069,-0.4375,0.0157,ASSOCIATION
vote_base_bias,2,-1.725,vote_participation_rate,0.4888,0.4269,-0.1267,-0.4375,0.2897,ASSOCIATION
vote_base_bias,2,-1.725,night_kill_value_percentile,0.5485,0.5501,0.0028,-0.4375,-0.0065,ASSOCIATION
vote_base_bias,2,-1.725,monk_protection_quality,0.2052,0.1832,-0.1071,-0.4375,0.2448,ASSOCIATION
vote_base_bias,2,-1.725,trust_error_rate,0.5801,0.585,0.0084,-0.4375,-0.0192,ASSOCIATION
vote_base_bias,3,-1.2,private_chats_per_player_day,0.2172,0.223,0.0268,0.0,0.0,ASSOCIATION
vote_base_bias,3,-1.2,good_good_chat_ratio,0.5066,0.5266,0.0394,0.0,0.0,ASSOCIATION
vote_base_bias,3,-1.2,evil_evil_chat_ratio,0.5094,0.53,0.0405,0.0,0.0,ASSOCIATION
vote_base_bias,3,-1.2,claim_disclosure_rate,0.4032,0.4124,0.0229,0.0,0.0,ASSOCIATION
vote_base_bias,3,-1.2,nomination_friendly_fire_rate,0.7252,0.7288,0.005,0.0,0.0,ASSOCIATION
vote_base_bias,3,-1.2,execution_friendly_fire_rate,0.8292,0.7985,-0.037,0.0,0.0,ASSOCIATION
vote_base_bias,3,-1.2,vote_consistency,0.4374,0.4356,-0.0042,0.0,0.0,ASSOCIATION
vote_base_bias,3,-1.2,vote_participation_rate,0.4888,0.497,0.0168,0.0,0.0,ASSOCIATION
vote_base_bias,3,-1.2,night_kill_value_percentile,0.5485,0.5565,0.0146,0.0,0.0,ASSOCIATION
vote_base_bias,3,-1.2,monk_protection_quality,0.2052,0.1898,-0.0751,0.0,0.0,ASSOCIATION
vote_base_bias,3,-1.2,trust_error_rate,0.5801,0.5831,0.0051,0.0,0.0,ASSOCIATION
vote_base_bias,4,-0.675,private_chats_per_player_day,0.2172,0.2214,0.0192,0.4375,0.044,ASSOCIATION
vote_base_bias,4,-0.675,good_good_chat_ratio,0.5066,0.5055,-0.0022,0.4375,-0.0051,ASSOCIATION
vote_base_bias,4,-0.675,evil_evil_chat_ratio,0.5094,0.5254,0.0315,0.4375,0.0719,ASSOCIATION
vote_base_bias,4,-0.675,claim_disclosure_rate,0.4032,0.398,-0.013,0.4375,-0.0297,ASSOCIATION
vote_base_bias,4,-0.675,nomination_friendly_fire_rate,0.7252,0.7326,0.0102,0.4375,0.0233,ASSOCIATION
vote_base_bias,4,-0.675,execution_friendly_fire_rate,0.8292,0.8605,0.0377,0.4375,0.0863,ASSOCIATION
vote_base_bias,4,-0.675,vote_consistency,0.4374,0.4337,-0.0085,0.4375,-0.0194,ASSOCIATION
vote_base_bias,4,-0.675,vote_participation_rate,0.4888,0.5515,0.1282,0.4375,0.2931,ASSOCIATION
vote_base_bias,4,-0.675,night_kill_value_percentile,0.5485,0.5423,-0.0113,0.4375,-0.0258,ASSOCIATION
vote_base_bias,4,-0.675,monk_protection_quality,0.2052,0.1824,-0.1113,0.4375,-0.2543,ASSOCIATION
vote_base_bias,4,-0.675,trust_error_rate,0.5801,0.5861,0.0103,0.4375,0.0236,ASSOCIATION
vote_base_bias,5,-0.15,private_chats_per_player_day,0.2172,0.2213,0.0188,0.875,0.0215,ASSOCIATION
vote_base_bias,5,-0.15,good_good_chat_ratio,0.5066,0.5153,0.0172,0.875,0.0197,ASSOCIATION
vote_base_bias,5,-0.15,evil_evil_chat_ratio,0.5094,0.5418,0.0636,0.875,0.0727,ASSOCIATION
vote_base_bias,5,-0.15,claim_disclosure_rate,0.4032,0.399,-0.0103,0.875,-0.0118,ASSOCIATION
vote_base_bias,5,-0.15,nomination_friendly_fire_rate,0.7252,0.7258,0.0008,0.875,0.0009,ASSOCIATION
vote_base_bias,5,-0.15,execution_friendly_fire_rate,0.8292,0.8483,0.0231,0.875,0.0264,ASSOCIATION
vote_base_bias,5,-0.15,vote_consistency,0.4374,0.4371,-0.0007,0.875,-0.0008,ASSOCIATION
vote_base_bias,5,-0.15,vote_participation_rate,0.4888,0.6009,0.2293,0.875,0.2621,ASSOCIATION
vote_base_bias,5,-0.15,night_kill_value_percentile,0.5485,0.5422,-0.0115,0.875,-0.0131,ASSOCIATION
vote_base_bias,5,-0.15,monk_protection_quality,0.2052,0.181,-0.1178,0.875,-0.1347,ASSOCIATION
vote_base_bias,5,-0.15,trust_error_rate,0.5801,0.5806,0.0009,0.875,0.001,ASSOCIATION
